__run_id,__done,library,operation,payload,execution_time_s,cpu_utilisation_pct,peak_memory_bytes,energy_J
run_12_repetition_11,TODO,orjson,loads,github,,,,
run_7_repetition_24,TODO,json,loads,canada,,,,
run_8_repetition_5,TODO,orjson,dumps,github,,,,
run_8_repetition_21,TODO,orjson,dumps,github,,,,
run_10_repetition_16,TODO,orjson,dumps,citm_catalog,,,,
run_1_repetition_1,TODO,json,dumps,twitter,,,,
run_0_repetition_24,TODO,json,dumps,github,,,,
run_6_repetition_17,TODO,json,loads,citm_catalog,,,,
run_9_repetition_20,TODO,orjson,dumps,twitter,,,,
run_8_repetition_2,TODO,orjson,dumps,github,,,,
run_13_repetition_14,TODO,orjson,loads,twitter,,,,
run_13_repetition_11,TODO,orjson,loads,twitter,,,,
run_9_repetition_5,TODO,orjson,dumps,twitter,,,,
run_6_repetition_11,TODO,json,loads,citm_catalog,,,,
run_1_repetition_7,TODO,json,dumps,twitter,,,,
run_11_repetition_10,TODO,orjson,dumps,canada,,,,
run_4_repetition_2,TODO,json,loads,github,,,,
run_4_repetition_23,TODO,json,loads,github,,,,
run_7_repetition_10,TODO,json,loads,canada,,,,
run_0_repetition_20,TODO,json,dumps,github,,,,
run_7_repetition_29,TODO,json,loads,canada,,,,
run_13_repetition_22,TODO,orjson,loads,twitter,,,,
run_9_repetition_23,TODO,orjson,dumps,twitter,,,,
run_15_repetition_27,TODO,orjson,loads,canada,,,,
run_11_repetition_18,TODO,orjson,dumps,canada,,,,
run_4_repetition_8,TODO,json,loads,github,,,,
run_15_repetition_10,TODO,orjson,loads,canada,,,,
run_6_repetition_3,TODO,json,loads,citm_catalog,,,,
run_2_repetition_24,TODO,json,dumps,citm_catalog,,,,
run_3_repetition_7,TODO,json,dumps,canada,,,,
run_5_repetition_11,TODO,json,loads,twitter,,,,
run_6_repetition_21,TODO,json,loads,citm_catalog,,,,
run_13_repetition_27,TODO,orjson,loads,twitter,,,,
run_12_repetition_1,TODO,orjson,loads,github,,,,
run_0_repetition_26,TODO,json,dumps,github,,,,
run_10_repetition_21,TODO,orjson,dumps,citm_catalog,,,,
run_7_repetition_20,TODO,json,loads,canada,,,,
run_1_repetition_2,TODO,json,dumps,twitter,,,,
run_10_repetition_7,TODO,orjson,dumps,citm_catalog,,,,
run_4_repetition_27,TODO,json,loads,github,,,,
run_1_repetition_22,TODO,json,dumps,twitter,,,,
run_11_repetition_20,TODO,orjson,dumps,canada,,,,
run_15_repetition_22,TODO,orjson,loads,canada,,,,
run_6_repetition_16,TODO,json,loads,citm_catalog,,,,
run_4_repetition_14,TODO,json,loads,github,,,,
run_0_repetition_27,TODO,json,dumps,github,,,,
run_5_repetition_24,TODO,json,loads,twitter,,,,
run_4_repetition_11,TODO,json,loads,github,,,,
run_13_repetition_2,TODO,orjson,loads,twitter,,,,
run_0_repetition_29,TODO,json,dumps,github,,,,
run_3_repetition_28,TODO,json,dumps,canada,,,,
run_10_repetition_13,TODO,orjson,dumps,citm_catalog,,,,
run_9_repetition_15,TODO,orjson,dumps,twitter,,,,
run_12_repetition_0,TODO,orjson,loads,github,,,,
run_2_repetition_22,TODO,json,dumps,citm_catalog,,,,
run_9_repetition_13,TODO,orjson,dumps,twitter,,,,
run_0_repetition_19,TODO,json,dumps,github,,,,
run_11_repetition_21,TODO,orjson,dumps,canada,,,,
run_11_repetition_23,TODO,orjson,dumps,canada,,,,
run_9_repetition_17,TODO,orjson,dumps,twitter,,,,
run_1_repetition_9,TODO,json,dumps,twitter,,,,
run_0_repetition_3,TODO,json,dumps,github,,,,
run_7_repetition_5,TODO,json,loads,canada,,,,
run_1_repetition_17,TODO,json,dumps,twitter,,,,
run_4_repetition_4,TODO,json,loads,github,,,,
run_10_repetition_27,TODO,orjson,dumps,citm_catalog,,,,
run_15_repetition_3,TODO,orjson,loads,canada,,,,
run_9_repetition_10,TODO,orjson,dumps,twitter,,,,
run_12_repetition_28,TODO,orjson,loads,github,,,,
run_8_repetition_1,TODO,orjson,dumps,github,,,,
run_12_repetition_24,TODO,orjson,loads,github,,,,
run_5_repetition_5,TODO,json,loads,twitter,,,,
run_1_repetition_20,TODO,json,dumps,twitter,,,,
run_8_repetition_23,TODO,orjson,dumps,github,,,,
run_4_repetition_26,TODO,json,loads,github,,,,
run_3_repetition_15,TODO,json,dumps,canada,,,,
run_14_repetition_27,TODO,orjson,loads,citm_catalog,,,,
run_5_repetition_4,TODO,json,loads,twitter,,,,
run_4_repetition_24,TODO,json,loads,github,,,,
run_15_repetition_1,TODO,orjson,loads,canada,,,,
run_0_repetition_28,TODO,json,dumps,github,,,,
run_0_repetition_15,TODO,json,dumps,github,,,,
run_12_repetition_18,TODO,orjson,loads,github,,,,
run_11_repetition_8,TODO,orjson,dumps,canada,,,,
run_15_repetition_7,TODO,orjson,loads,canada,,,,
run_5_repetition_0,TODO,json,loads,twitter,,,,
run_4_repetition_12,TODO,json,loads,github,,,,
run_3_repetition_11,TODO,json,dumps,canada,,,,
run_12_repetition_9,TODO,orjson,loads,github,,,,
run_0_repetition_6,TODO,json,dumps,github,,,,
run_6_repetition_13,TODO,json,loads,citm_catalog,,,,
run_1_repetition_28,TODO,json,dumps,twitter,,,,
run_2_repetition_5,TODO,json,dumps,citm_catalog,,,,
run_3_repetition_2,TODO,json,dumps,canada,,,,
run_4_repetition_1,TODO,json,loads,github,,,,
run_13_repetition_12,TODO,orjson,loads,twitter,,,,
run_14_repetition_2,TODO,orjson,loads,citm_catalog,,,,
run_7_repetition_8,TODO,json,loads,canada,,,,
run_9_repetition_3,TODO,orjson,dumps,twitter,,,,
run_9_repetition_27,TODO,orjson,dumps,twitter,,,,
run_3_repetition_17,TODO,json,dumps,canada,,,,
run_10_repetition_28,TODO,orjson,dumps,citm_catalog,,,,
run_5_repetition_1,TODO,json,loads,twitter,,,,
run_5_repetition_7,TODO,json,loads,twitter,,,,
run_14_repetition_22,TODO,orjson,loads,citm_catalog,,,,
run_15_repetition_8,TODO,orjson,loads,canada,,,,
run_3_repetition_27,TODO,json,dumps,canada,,,,
run_15_repetition_6,TODO,orjson,loads,canada,,,,
run_8_repetition_11,TODO,orjson,dumps,github,,,,
run_12_repetition_5,TODO,orjson,loads,github,,,,
run_3_repetition_22,TODO,json,dumps,canada,,,,
run_15_repetition_17,TODO,orjson,loads,canada,,,,
run_5_repetition_25,TODO,json,loads,twitter,,,,
run_13_repetition_7,TODO,orjson,loads,twitter,,,,
run_3_repetition_19,TODO,json,dumps,canada,,,,
run_13_repetition_16,TODO,orjson,loads,twitter,,,,
run_12_repetition_19,TODO,orjson,loads,github,,,,
run_14_repetition_13,TODO,orjson,loads,citm_catalog,,,,
run_13_repetition_23,TODO,orjson,loads,twitter,,,,
run_13_repetition_19,TODO,orjson,loads,twitter,,,,
run_5_repetition_9,TODO,json,loads,twitter,,,,
run_13_repetition_24,TODO,orjson,loads,twitter,,,,
run_10_repetition_10,TODO,orjson,dumps,citm_catalog,,,,
run_0_repetition_1,TODO,json,dumps,github,,,,
run_5_repetition_17,TODO,json,loads,twitter,,,,
run_7_repetition_11,TODO,json,loads,canada,,,,
run_5_repetition_3,TODO,json,loads,twitter,,,,
run_4_repetition_9,TODO,json,loads,github,,,,
run_0_repetition_21,TODO,json,dumps,github,,,,
run_11_repetition_0,TODO,orjson,dumps,canada,,,,
run_7_repetition_9,TODO,json,loads,canada,,,,
run_15_repetition_15,TODO,orjson,loads,canada,,,,
run_3_repetition_20,TODO,json,dumps,canada,,,,
run_5_repetition_16,TODO,json,loads,twitter,,,,
run_0_repetition_17,TODO,json,dumps,github,,,,
run_7_repetition_1,TODO,json,loads,canada,,,,
run_9_repetition_28,TODO,orjson,dumps,twitter,,,,
run_9_repetition_25,TODO,orjson,dumps,twitter,,,,
run_15_repetition_14,TODO,orjson,loads,canada,,,,
run_11_repetition_3,TODO,orjson,dumps,canada,,,,
run_8_repetition_26,TODO,orjson,dumps,github,,,,
run_2_repetition_1,TODO,json,dumps,citm_catalog,,,,
run_11_repetition_17,TODO,orjson,dumps,canada,,,,
run_14_repetition_29,TODO,orjson,loads,citm_catalog,,,,
run_3_repetition_4,TODO,json,dumps,canada,,,,
run_6_repetition_2,TODO,json,loads,citm_catalog,,,,
run_5_repetition_6,TODO,json,loads,twitter,,,,
run_6_repetition_25,TODO,json,loads,citm_catalog,,,,
run_12_repetition_25,TODO,orjson,loads,github,,,,
run_5_repetition_2,TODO,json,loads,twitter,,,,
run_14_repetition_7,TODO,orjson,loads,citm_catalog,,,,
run_1_repetition_8,TODO,json,dumps,twitter,,,,
run_4_repetition_3,TODO,json,loads,github,,,,
run_5_repetition_13,TODO,json,loads,twitter,,,,
run_4_repetition_19,TODO,json,loads,github,,,,
run_8_repetition_20,TODO,orjson,dumps,github,,,,
run_15_repetition_20,TODO,orjson,loads,canada,,,,
run_14_repetition_25,TODO,orjson,loads,citm_catalog,,,,
run_13_repetition_21,TODO,orjson,loads,twitter,,,,
run_11_repetition_2,TODO,orjson,dumps,canada,,,,
run_1_repetition_3,TODO,json,dumps,twitter,,,,
run_0_repetition_11,TODO,json,dumps,github,,,,
run_12_repetition_21,TODO,orjson,loads,github,,,,
run_5_repetition_26,TODO,json,loads,twitter,,,,
run_8_repetition_16,TODO,orjson,dumps,github,,,,
run_7_repetition_4,TODO,json,loads,canada,,,,
run_15_repetition_16,TODO,orjson,loads,canada,,,,
run_14_repetition_20,TODO,orjson,loads,citm_catalog,,,,
run_6_repetition_12,TODO,json,loads,citm_catalog,,,,
run_4_repetition_20,TODO,json,loads,github,,,,
run_15_repetition_29,TODO,orjson,loads,canada,,,,
run_4_repetition_29,TODO,json,loads,github,,,,
run_5_repetition_29,TODO,json,loads,twitter,,,,
run_8_repetition_27,TODO,orjson,dumps,github,,,,
run_2_repetition_13,TODO,json,dumps,citm_catalog,,,,
run_11_repetition_4,TODO,orjson,dumps,canada,,,,
run_3_repetition_23,TODO,json,dumps,canada,,,,
run_13_repetition_28,TODO,orjson,loads,twitter,,,,
run_0_repetition_8,TODO,json,dumps,github,,,,
run_3_repetition_29,TODO,json,dumps,canada,,,,
run_3_repetition_8,TODO,json,dumps,canada,,,,
run_3_repetition_12,TODO,json,dumps,canada,,,,
run_6_repetition_14,TODO,json,loads,citm_catalog,,,,
run_11_repetition_27,TODO,orjson,dumps,canada,,,,
run_1_repetition_11,TODO,json,dumps,twitter,,,,
run_3_repetition_21,TODO,json,dumps,canada,,,,
run_7_repetition_28,TODO,json,loads,canada,,,,
run_13_repetition_5,TODO,orjson,loads,twitter,,,,
run_2_repetition_23,TODO,json,dumps,citm_catalog,,,,
run_14_repetition_6,TODO,orjson,loads,citm_catalog,,,,
run_2_repetition_18,TODO,json,dumps,citm_catalog,,,,
run_12_repetition_29,TODO,orjson,loads,github,,,,
run_7_repetition_21,TODO,json,loads,canada,,,,
run_14_repetition_19,TODO,orjson,loads,citm_catalog,,,,
run_13_repetition_0,TODO,orjson,loads,twitter,,,,
run_10_repetition_20,TODO,orjson,dumps,citm_catalog,,,,
run_8_repetition_28,TODO,orjson,dumps,github,,,,
run_2_repetition_9,TODO,json,dumps,citm_catalog,,,,
run_11_repetition_25,TODO,orjson,dumps,canada,,,,
run_4_repetition_13,TODO,json,loads,github,,,,
run_6_repetition_28,TODO,json,loads,citm_catalog,,,,
run_3_repetition_9,TODO,json,dumps,canada,,,,
run_14_repetition_14,TODO,orjson,loads,citm_catalog,,,,
run_9_repetition_12,TODO,orjson,dumps,twitter,,,,
run_2_repetition_0,TODO,json,dumps,citm_catalog,,,,
run_3_repetition_25,TODO,json,dumps,canada,,,,
run_0_repetition_14,TODO,json,dumps,github,,,,
run_14_repetition_28,TODO,orjson,loads,citm_catalog,,,,
run_11_repetition_29,TODO,orjson,dumps,canada,,,,
run_11_repetition_16,TODO,orjson,dumps,canada,,,,
run_11_repetition_24,TODO,orjson,dumps,canada,,,,
run_7_repetition_18,TODO,json,loads,canada,,,,
run_6_repetition_7,TODO,json,loads,citm_catalog,,,,
run_9_repetition_1,TODO,orjson,dumps,twitter,,,,
run_4_repetition_17,TODO,json,loads,github,,,,
run_7_repetition_23,TODO,json,loads,canada,,,,
run_1_repetition_12,TODO,json,dumps,twitter,,,,
run_7_repetition_3,TODO,json,loads,canada,,,,
run_11_repetition_9,TODO,orjson,dumps,canada,,,,
run_4_repetition_16,TODO,json,loads,github,,,,
run_9_repetition_24,TODO,orjson,dumps,twitter,,,,
run_10_repetition_4,TODO,orjson,dumps,citm_catalog,,,,
run_0_repetition_22,TODO,json,dumps,github,,,,
run_4_repetition_28,TODO,json,loads,github,,,,
run_8_repetition_7,TODO,orjson,dumps,github,,,,
run_10_repetition_5,TODO,orjson,dumps,citm_catalog,,,,
run_9_repetition_2,TODO,orjson,dumps,twitter,,,,
run_6_repetition_29,TODO,json,loads,citm_catalog,,,,
run_5_repetition_28,TODO,json,loads,twitter,,,,
run_2_repetition_25,TODO,json,dumps,citm_catalog,,,,
run_9_repetition_7,TODO,orjson,dumps,twitter,,,,
run_9_repetition_4,TODO,orjson,dumps,twitter,,,,
run_8_repetition_4,TODO,orjson,dumps,github,,,,
run_11_repetition_5,TODO,orjson,dumps,canada,,,,
run_6_repetition_5,TODO,json,loads,citm_catalog,,,,
run_15_repetition_24,TODO,orjson,loads,canada,,,,
run_11_repetition_19,TODO,orjson,dumps,canada,,,,
run_12_repetition_10,TODO,orjson,loads,github,,,,
run_15_repetition_13,TODO,orjson,loads,canada,,,,
run_2_repetition_19,TODO,json,dumps,citm_catalog,,,,
run_15_repetition_26,TODO,orjson,loads,canada,,,,
run_8_repetition_14,TODO,orjson,dumps,github,,,,
run_1_repetition_24,TODO,json,dumps,twitter,,,,
run_0_repetition_7,TODO,json,dumps,github,,,,
run_12_repetition_17,TODO,orjson,loads,github,,,,
run_2_repetition_10,TODO,json,dumps,citm_catalog,,,,
run_3_repetition_26,TODO,json,dumps,canada,,,,
run_9_repetition_21,TODO,orjson,dumps,twitter,,,,
run_1_repetition_14,TODO,json,dumps,twitter,,,,
run_7_repetition_19,TODO,json,loads,canada,,,,
run_13_repetition_17,TODO,orjson,loads,twitter,,,,
run_3_repetition_13,TODO,json,dumps,canada,,,,
run_10_repetition_9,TODO,orjson,dumps,citm_catalog,,,,
run_13_repetition_26,TODO,orjson,loads,twitter,,,,
run_5_repetition_21,TODO,json,loads,twitter,,,,
run_14_repetition_24,TODO,orjson,loads,citm_catalog,,,,
run_1_repetition_6,TODO,json,dumps,twitter,,,,
run_6_repetition_19,TODO,json,loads,citm_catalog,,,,
run_10_repetition_25,TODO,orjson,dumps,citm_catalog,,,,
run_10_repetition_18,TODO,orjson,dumps,citm_catalog,,,,
run_12_repetition_7,TODO,orjson,loads,github,,,,
run_13_repetition_3,TODO,orjson,loads,twitter,,,,
run_13_repetition_20,TODO,orjson,loads,twitter,,,,
run_0_repetition_4,TODO,json,dumps,github,,,,
run_6_repetition_1,TODO,json,loads,citm_catalog,,,,
run_10_repetition_24,TODO,orjson,dumps,citm_catalog,,,,
run_10_repetition_2,TODO,orjson,dumps,citm_catalog,,,,
run_2_repetition_26,TODO,json,dumps,citm_catalog,,,,
run_10_repetition_19,TODO,orjson,dumps,citm_catalog,,,,
run_14_repetition_3,TODO,orjson,loads,citm_catalog,,,,
run_0_repetition_2,TODO,json,dumps,github,,,,
run_12_repetition_26,TODO,orjson,loads,github,,,,
run_15_repetition_19,TODO,orjson,loads,canada,,,,
run_4_repetition_7,TODO,json,loads,github,,,,
run_10_repetition_3,TODO,orjson,dumps,citm_catalog,,,,
run_0_repetition_9,TODO,json,dumps,github,,,,
run_9_repetition_18,TODO,orjson,dumps,twitter,,,,
run_6_repetition_26,TODO,json,loads,citm_catalog,,,,
run_2_repetition_17,TODO,json,dumps,citm_catalog,,,,
run_14_repetition_5,TODO,orjson,loads,citm_catalog,,,,
run_1_repetition_21,TODO,json,dumps,twitter,,,,
run_4_repetition_0,TODO,json,loads,github,,,,
run_13_repetition_15,TODO,orjson,loads,twitter,,,,
run_9_repetition_8,TODO,orjson,dumps,twitter,,,,
run_13_repetition_8,TODO,orjson,loads,twitter,,,,
run_11_repetition_11,TODO,orjson,dumps,canada,,,,
run_2_repetition_29,TODO,json,dumps,citm_catalog,,,,
run_1_repetition_25,TODO,json,dumps,twitter,,,,
run_9_repetition_14,TODO,orjson,dumps,twitter,,,,
run_0_repetition_5,TODO,json,dumps,github,,,,
run_4_repetition_10,TODO,json,loads,github,,,,
run_15_repetition_9,TODO,orjson,loads,canada,,,,
run_11_repetition_7,TODO,orjson,dumps,canada,,,,
run_4_repetition_6,TODO,json,loads,github,,,,
run_7_repetition_25,TODO,json,loads,canada,,,,
run_7_repetition_7,TODO,json,loads,canada,,,,
run_8_repetition_3,TODO,orjson,dumps,github,,,,
run_3_repetition_1,TODO,json,dumps,canada,,,,
run_6_repetition_9,TODO,json,loads,citm_catalog,,,,
run_13_repetition_18,TODO,orjson,loads,twitter,,,,
run_14_repetition_11,TODO,orjson,loads,citm_catalog,,,,
run_6_repetition_6,TODO,json,loads,citm_catalog,,,,
run_5_repetition_20,TODO,json,loads,twitter,,,,
run_5_repetition_10,TODO,json,loads,twitter,,,,
run_6_repetition_18,TODO,json,loads,citm_catalog,,,,
run_15_repetition_2,TODO,orjson,loads,canada,,,,
run_12_repetition_12,TODO,orjson,loads,github,,,,
run_13_repetition_29,TODO,orjson,loads,twitter,,,,
run_1_repetition_4,TODO,json,dumps,twitter,,,,
run_1_repetition_26,TODO,json,dumps,twitter,,,,
run_14_repetition_0,TODO,orjson,loads,citm_catalog,,,,
run_1_repetition_15,TODO,json,dumps,twitter,,,,
run_14_repetition_12,TODO,orjson,loads,citm_catalog,,,,
run_7_repetition_15,TODO,json,loads,canada,,,,
run_8_repetition_12,TODO,orjson,dumps,github,,,,
run_0_repetition_0,TODO,json,dumps,github,,,,
run_12_repetition_2,TODO,orjson,loads,github,,,,
run_1_repetition_5,TODO,json,dumps,twitter,,,,
run_3_repetition_5,TODO,json,dumps,canada,,,,
run_2_repetition_3,TODO,json,dumps,citm_catalog,,,,
run_12_repetition_16,TODO,orjson,loads,github,,,,
run_13_repetition_13,TODO,orjson,loads,twitter,,,,
run_1_repetition_0,TODO,json,dumps,twitter,,,,
run_6_repetition_20,TODO,json,loads,citm_catalog,,,,
run_5_repetition_27,TODO,json,loads,twitter,,,,
run_13_repetition_25,TODO,orjson,loads,twitter,,,,
run_7_repetition_14,TODO,json,loads,canada,,,,
run_10_repetition_22,TODO,orjson,dumps,citm_catalog,,,,
run_15_repetition_4,TODO,orjson,loads,canada,,,,
run_7_repetition_26,TODO,json,loads,canada,,,,
run_10_repetition_12,TODO,orjson,dumps,citm_catalog,,,,
run_6_repetition_10,TODO,json,loads,citm_catalog,,,,
run_8_repetition_13,TODO,orjson,dumps,github,,,,
run_5_repetition_15,TODO,json,loads,twitter,,,,
run_0_repetition_18,TODO,json,dumps,github,,,,
run_7_repetition_2,TODO,json,loads,canada,,,,
run_14_repetition_17,TODO,orjson,loads,citm_catalog,,,,
run_10_repetition_26,TODO,orjson,dumps,citm_catalog,,,,
run_3_repetition_3,TODO,json,dumps,canada,,,,
run_5_repetition_8,TODO,json,loads,twitter,,,,
run_11_repetition_12,TODO,orjson,dumps,canada,,,,
run_14_repetition_18,TODO,orjson,loads,citm_catalog,,,,
run_2_repetition_20,TODO,json,dumps,citm_catalog,,,,
run_4_repetition_18,TODO,json,loads,github,,,,
run_2_repetition_15,TODO,json,dumps,citm_catalog,,,,
run_3_repetition_16,TODO,json,dumps,canada,,,,
run_2_repetition_27,TODO,json,dumps,citm_catalog,,,,
run_5_repetition_19,TODO,json,loads,twitter,,,,
run_9_repetition_11,TODO,orjson,dumps,twitter,,,,
run_14_repetition_9,TODO,orjson,loads,citm_catalog,,,,
run_14_repetition_8,TODO,orjson,loads,citm_catalog,,,,
run_15_repetition_21,TODO,orjson,loads,canada,,,,
run_7_repetition_16,TODO,json,loads,canada,,,,
run_6_repetition_4,TODO,json,loads,citm_catalog,,,,
run_1_repetition_13,TODO,json,dumps,twitter,,,,
run_4_repetition_25,TODO,json,loads,github,,,,
run_10_repetition_6,TODO,orjson,dumps,citm_catalog,,,,
run_6_repetition_27,TODO,json,loads,citm_catalog,,,,
run_12_repetition_4,TODO,orjson,loads,github,,,,
run_4_repetition_22,TODO,json,loads,github,,,,
run_5_repetition_14,TODO,json,loads,twitter,,,,
run_1_repetition_29,TODO,json,dumps,twitter,,,,
run_10_repetition_17,TODO,orjson,dumps,citm_catalog,,,,
run_0_repetition_25,TODO,json,dumps,github,,,,
run_1_repetition_19,TODO,json,dumps,twitter,,,,
run_10_repetition_1,TODO,orjson,dumps,citm_catalog,,,,
run_7_repetition_12,TODO,json,loads,canada,,,,
run_8_repetition_9,TODO,orjson,dumps,github,,,,
run_15_repetition_28,TODO,orjson,loads,canada,,,,
run_15_repetition_12,TODO,orjson,loads,canada,,,,
run_14_repetition_15,TODO,orjson,loads,citm_catalog,,,,
run_13_repetition_6,TODO,orjson,loads,twitter,,,,
run_14_repetition_4,TODO,orjson,loads,citm_catalog,,,,
run_12_repetition_14,TODO,orjson,loads,github,,,,
run_1_repetition_23,TODO,json,dumps,twitter,,,,
run_8_repetition_8,TODO,orjson,dumps,github,,,,
run_2_repetition_16,TODO,json,dumps,citm_catalog,,,,
run_12_repetition_13,TODO,orjson,loads,github,,,,
run_10_repetition_23,TODO,orjson,dumps,citm_catalog,,,,
run_2_repetition_21,TODO,json,dumps,citm_catalog,,,,
run_3_repetition_0,TODO,json,dumps,canada,,,,
run_7_repetition_27,TODO,json,loads,canada,,,,
run_8_repetition_19,TODO,orjson,dumps,github,,,,
run_12_repetition_22,TODO,orjson,loads,github,,,,
run_8_repetition_17,TODO,orjson,dumps,github,,,,
run_8_repetition_18,TODO,orjson,dumps,github,,,,
run_15_repetition_5,TODO,orjson,loads,canada,,,,
run_12_repetition_23,TODO,orjson,loads,github,,,,
run_6_repetition_23,TODO,json,loads,citm_catalog,,,,
run_6_repetition_15,TODO,json,loads,citm_catalog,,,,
run_5_repetition_12,TODO,json,loads,twitter,,,,
run_6_repetition_24,TODO,json,loads,citm_catalog,,,,
run_0_repetition_10,TODO,json,dumps,github,,,,
run_12_repetition_3,TODO,orjson,loads,github,,,,
run_1_repetition_18,TODO,json,dumps,twitter,,,,
run_8_repetition_6,TODO,orjson,dumps,github,,,,
run_9_repetition_26,TODO,orjson,dumps,twitter,,,,
run_15_repetition_18,TODO,orjson,loads,canada,,,,
run_9_repetition_16,TODO,orjson,dumps,twitter,,,,
run_2_repetition_4,TODO,json,dumps,citm_catalog,,,,
run_1_repetition_10,TODO,json,dumps,twitter,,,,
run_3_repetition_6,TODO,json,dumps,canada,,,,
run_14_repetition_1,TODO,orjson,loads,citm_catalog,,,,
run_14_repetition_16,TODO,orjson,loads,citm_catalog,,,,
run_14_repetition_23,TODO,orjson,loads,citm_catalog,,,,
run_9_repetition_19,TODO,orjson,dumps,twitter,,,,
run_0_repetition_23,TODO,json,dumps,github,,,,
run_9_repetition_29,TODO,orjson,dumps,twitter,,,,
run_1_repetition_27,TODO,json,dumps,twitter,,,,
run_9_repetition_0,TODO,orjson,dumps,twitter,,,,
run_8_repetition_22,TODO,orjson,dumps,github,,,,
run_6_repetition_8,TODO,json,loads,citm_catalog,,,,
run_11_repetition_6,TODO,orjson,dumps,canada,,,,
run_2_repetition_7,TODO,json,dumps,citm_catalog,,,,
run_12_repetition_20,TODO,orjson,loads,github,,,,
run_11_repetition_22,TODO,orjson,dumps,canada,,,,
run_11_repetition_1,TODO,orjson,dumps,canada,,,,
run_10_repetition_29,TODO,orjson,dumps,citm_catalog,,,,
run_12_repetition_27,TODO,orjson,loads,github,,,,
run_11_repetition_14,TODO,orjson,dumps,canada,,,,
run_9_repetition_22,TODO,orjson,dumps,twitter,,,,
run_2_repetition_6,TODO,json,dumps,citm_catalog,,,,
run_3_repetition_14,TODO,json,dumps,canada,,,,
run_1_repetition_16,TODO,json,dumps,twitter,,,,
run_3_repetition_10,TODO,json,dumps,canada,,,,
run_7_repetition_0,TODO,json,loads,canada,,,,
run_9_repetition_9,TODO,orjson,dumps,twitter,,,,
run_3_repetition_18,TODO,json,dumps,canada,,,,
run_13_repetition_4,TODO,orjson,loads,twitter,,,,
run_8_repetition_10,TODO,orjson,dumps,github,,,,
run_13_repetition_10,TODO,orjson,loads,twitter,,,,
run_0_repetition_13,TODO,json,dumps,github,,,,
run_15_repetition_11,TODO,orjson,loads,canada,,,,
run_2_repetition_28,TODO,json,dumps,citm_catalog,,,,
run_7_repetition_13,TODO,json,loads,canada,,,,
run_4_repetition_21,TODO,json,loads,github,,,,
run_5_repetition_22,TODO,json,loads,twitter,,,,
run_14_repetition_26,TODO,orjson,loads,citm_catalog,,,,
run_4_repetition_15,TODO,json,loads,github,,,,
run_6_repetition_22,TODO,json,loads,citm_catalog,,,,
run_14_repetition_10,TODO,orjson,loads,citm_catalog,,,,
run_2_repetition_8,TODO,json,dumps,citm_catalog,,,,
run_11_repetition_13,TODO,orjson,dumps,canada,,,,
run_6_repetition_0,TODO,json,loads,citm_catalog,,,,
run_3_repetition_24,TODO,json,dumps,canada,,,,
run_8_repetition_24,TODO,orjson,dumps,github,,,,
run_15_repetition_23,TODO,orjson,loads,canada,,,,
run_10_repetition_8,TODO,orjson,dumps,citm_catalog,,,,
run_8_repetition_15,TODO,orjson,dumps,github,,,,
run_10_repetition_14,TODO,orjson,dumps,citm_catalog,,,,
run_15_repetition_25,TODO,orjson,loads,canada,,,,
run_4_repetition_5,TODO,json,loads,github,,,,
run_0_repetition_12,TODO,json,dumps,github,,,,
run_13_repetition_9,TODO,orjson,loads,twitter,,,,
run_9_repetition_6,TODO,orjson,dumps,twitter,,,,
run_2_repetition_11,TODO,json,dumps,citm_catalog,,,,
run_5_repetition_18,TODO,json,loads,twitter,,,,
run_12_repetition_15,TODO,orjson,loads,github,,,,
run_0_repetition_16,TODO,json,dumps,github,,,,
run_15_repetition_0,TODO,orjson,loads,canada,,,,
run_2_repetition_14,TODO,json,dumps,citm_catalog,,,,
run_7_repetition_22,TODO,json,loads,canada,,,,
run_12_repetition_8,TODO,orjson,loads,github,,,,
run_10_repetition_11,TODO,orjson,dumps,citm_catalog,,,,
run_11_repetition_28,TODO,orjson,dumps,canada,,,,
run_8_repetition_29,TODO,orjson,dumps,github,,,,
run_10_repetition_15,TODO,orjson,dumps,citm_catalog,,,,
run_2_repetition_12,TODO,json,dumps,citm_catalog,,,,
run_2_repetition_2,TODO,json,dumps,citm_catalog,,,,
run_7_repetition_17,TODO,json,loads,canada,,,,
run_8_repetition_0,TODO,orjson,dumps,github,,,,
run_8_repetition_25,TODO,orjson,dumps,github,,,,
run_13_repetition_1,TODO,orjson,loads,twitter,,,,
run_5_repetition_23,TODO,json,loads,twitter,,,,
run_7_repetition_6,TODO,json,loads,canada,,,,
run_11_repetition_26,TODO,orjson,dumps,canada,,,,
run_10_repetition_0,TODO,orjson,dumps,citm_catalog,,,,
run_12_repetition_6,TODO,orjson,loads,github,,,,
run_14_repetition_21,TODO,orjson,loads,citm_catalog,,,,
run_11_repetition_15,TODO,orjson,dumps,canada,,,,
